iteration,games_total,positions_total,policy_loss,value_loss,total_loss,sample_seconds,update_seconds,iteration_seconds,elapsed_seconds,gpu_peak_mb
1,16,257,1.959442377090454,0.891720712184906,2.851163148880005,7.454391427978408,1.862231964012608,12.415192365995608,12.415469067986123,148.47021484375
2,32,529,1.9309240579605103,0.7928155660629272,2.7237396240234375,3.8248868779628538,1.2885566900367849,8.59064580796985,21.032166599004995,148.47021484375
3,48,805,1.97199285030365,0.7946410775184631,2.766633987426758,3.937381821044255,1.3367821300053038,8.912069244019222,29.961682813009247,148.47021484375
4,64,1028,1.93748140335083,0.696892261505127,2.634373664855957,3.2643139639985748,1.3320442390395328,8.880565177008975,38.858146894024685,148.47021484375
5,80,1246,1.864032506942749,0.7842773199081421,2.6483097076416016,3.002711366978474,1.2830642909975722,8.554000494012143,47.42748901701998,148.47021484375
6,96,1479,1.9403016567230225,0.7107794880867004,2.651081085205078,3.380175943020731,1.2753484590211883,8.502498174028005,55.94644930603681,148.47021484375
7,112,1712,1.9025490283966064,0.7079028487205505,2.6104519367218018,3.5984217659570277,1.2744188950164244,8.49637188599445,64.45893888402497,148.47021484375
8,128,1923,1.7278711795806885,0.633965015411377,2.3618361949920654,2.4346284799976274,1.2487728359992616,8.325315085006878,72.79944922099821,148.47021484375
9,144,2136,1.6621274948120117,0.6363260746002197,2.2984535694122314,3.106761033006478,1.273540889029391,8.490459125954658,81.305447071034,148.47021484375
10,160,2394,1.7761064767837524,0.6254229545593262,2.401529312133789,3.061714490002487,1.2615792399737984,8.410769155016169,89.73339181399206,148.47021484375
11,176,2585,1.7636525630950928,0.6981278657913208,2.461780548095703,3.093863179034088,1.2780064590042457,8.520231276983395,98.46111269702669,148.47021484375
12,192,2837,1.797456979751587,0.6336874961853027,2.4311444759368896,3.6683515940094367,1.2761890860274434,8.508184297010303,106.98470079503022,148.47021484375
13,208,3089,1.810563564300537,0.6800838708877563,2.490647315979004,3.967490714043379,1.274891746987123,8.499675994040444,115.50022578699281,148.47021484375
14,224,3341,1.939009189605713,0.6803854703903198,2.6193947792053223,4.384519734012429,1.273864105984103,8.492786809045356,124.01161489903461,148.47021484375
15,240,3581,1.7498289346694946,0.656658411026001,2.406487464904785,4.483595036028419,1.2430694850045256,8.287386781012174,132.31718428601744,148.47021484375
16,256,3773,1.792872428894043,0.6972964406013489,2.490168809890747,2.7257896290393546,1.2454804939916357,8.3033719540108,140.63611702399794,148.47021484375
17,272,4053,1.7121121883392334,0.658354640007019,2.370466709136963,3.795732141006738,1.2968730670399964,8.645993377023842,149.2977835269994,148.47021484375
18,288,4322,1.8137478828430176,0.5989803075790405,2.4127283096313477,4.574332438991405,1.254576790961437,8.364128701970913,157.6780232830206,148.47021484375
19,304,4591,1.6094000339508057,0.5696099400520325,2.1790099143981934,3.806248417007737,1.2853683339781128,8.569300811970606,166.26352059200872,148.47021484375
20,320,4832,1.6218070983886719,0.5419207215309143,2.1637277603149414,3.013498955988325,1.24622156098485,8.3084374369937,174.5879231269937,148.47021484375
21,336,5067,1.7814445495605469,0.6399779319763184,2.4214224815368652,4.040890384989325,1.2701393840252422,8.467779149999842,183.3736684100004,148.47021484375
22,352,5273,1.744322657585144,0.5723615288734436,2.3166842460632324,2.4650006179581396,1.261889451998286,8.412851344968658,191.80290822900133,148.47021484375
23,368,5515,1.7488775253295898,0.6561369895935059,2.4050145149230957,3.9935936160036363,1.2671504170284607,8.44798019202426,200.2677179320017,148.47021484375
24,384,5772,1.7702680826187134,0.6442010402679443,2.4144692420959473,4.177573674009182,1.2802627049968578,8.53534204501193,208.82131396402838,148.47021484375
25,400,6034,1.8253281116485596,0.6732251644134521,2.4985532760620117,3.9441757530439645,1.3519949070177972,9.013480168010574,217.85015165503137,148.47021484375
26,416,6276,1.7319523096084595,0.5950987339019775,2.3270511627197266,3.312735643994529,1.3202850249945186,8.802148840972222,226.66737194499,148.47021484375
27,432,6499,1.7025268077850342,0.5811759829521179,2.283702850341797,3.1132012539892457,1.296558562957216,8.643906702985987,235.3269273309852,148.47021484375
28,448,6773,1.6543926000595093,0.517742931842804,2.172135591506958,3.5228103199624456,1.295387769001536,8.636212216981221,243.9791920260177,148.47021484375
29,464,7035,1.6406867504119873,0.5648480653762817,2.2055349349975586,3.7781937869731337,1.2853295840322971,8.570314796001185,252.56517815002007,148.47021484375
30,480,7326,1.8719462156295776,0.6529222726821899,2.5248684883117676,3.7255724490387365,1.2923703889828175,8.615975063992664,261.19613884499995,148.47021484375
31,496,7564,1.6126683950424194,0.5670648813247681,2.1797332763671875,2.907560643972829,1.285552071989514,8.570639948011376,270.1191334690084,148.47021484375
32,512,7777,1.8670353889465332,0.677014172077179,2.5440495014190674,3.3833354259841144,1.30943911295617,8.729898802994285,278.8648027720046,148.47021484375
33,528,7996,1.7088922262191772,0.5636454820632935,2.2725377082824707,3.2134240189916454,1.2824845389695838,8.550191374961287,287.43113410600927,148.47021484375
34,544,8243,1.5851795673370361,0.5726783275604248,2.157857894897461,4.8984799240133725,1.2979966510320082,8.653646088030655,296.1005540160113,148.47021484375
35,560,8479,1.630908727645874,0.5608053207397461,2.19171404838562,3.3453237939975224,1.328730220964644,8.860736082016956,304.9781868860009,148.47021484375
36,576,8726,1.73441481590271,0.6152753233909607,2.3496901988983154,3.5840373979881406,1.2704114590305835,8.469691707985476,313.46382786502363,148.47021484375
37,592,8993,1.5021603107452393,0.5616863965988159,2.0638465881347656,3.7302594410139136,1.2830118020065129,8.553661791025661,322.03355920803733,148.47021484375
38,608,9221,1.74190092086792,0.6429964303970337,2.384897232055664,3.385390434996225,1.2340808790177107,8.227406031044666,330.27825877803843,148.47021484375
39,624,9456,1.716862678527832,0.6054584383964539,2.3223211765289307,3.527062023000326,1.277495890040882,8.516925375035498,338.81116349902004,148.47021484375
40,640,9701,1.6322721242904663,0.5580272078514099,2.1902992725372314,2.917634030978661,1.27871550002601,8.525053080986254,347.3519409710425,148.47021484375
41,656,9953,1.5603132247924805,0.4978065490722656,2.058119773864746,3.6238589009735733,1.2702748909941874,8.468664398998953,356.27037402801216,148.47021484375
42,672,10191,1.6787790060043335,0.634558379650116,2.3133373260498047,2.9047996110166423,1.3220395350363106,8.813788936007768,365.09956381999655,148.47021484375
43,688,10417,1.7123945951461792,0.5761798620223999,2.288574457168579,3.216631999996025,1.2711755039636046,8.47465801204089,373.58987819001777,148.47021484375
44,704,10674,1.6538963317871094,0.5061831474304199,2.1600794792175293,4.247503457008861,1.2688416700111702,8.45911628002068,382.0606756490306,148.47021484375
45,720,10912,1.7005958557128906,0.5886414051055908,2.2892372608184814,2.9032171700382605,1.2842481360421516,8.561892344034277,390.63782492501196,148.47021484375
46,736,11142,1.573585033416748,0.521777331829071,2.095362424850464,2.6449799310066737,1.192936209961772,7.953142993035726,398.60698084003525,148.47021484375
47,752,11411,1.6980170011520386,0.5713786482810974,2.269395589828491,3.32696220400976,1.2842631859821267,8.562003589991946,407.1853752940078,148.47021484375
48,768,11643,1.7434837818145752,0.5703138113021851,2.3137974739074707,3.9683921929681674,1.269652410002891,8.464619710983243,415.6653543590219,148.47021484375
49,784,11907,1.6218892335891724,0.5221967101097107,2.1440858840942383,4.025366747984663,1.2692173540126532,8.461697764985729,424.1426525179995,148.47021484375
50,800,12106,1.5730576515197754,0.5131688714027405,2.086226463317871,2.492352054978255,1.2675294649670832,8.450711156998295,432.6092979119858,148.47021484375
51,816,12327,1.6034411191940308,0.6012576818466187,2.2046988010406494,2.555725451966282,1.2647069680388086,8.431611111969687,441.5909028730239,148.47021484375
52,832,12587,1.7022275924682617,0.5386315584182739,2.240859031677246,3.235028957016766,1.3197686529601924,8.798739035031758,450.405381752993,148.47021484375
53,848,12830,1.6967681646347046,0.5544626712799072,2.2512307167053223,3.2150878680404276,1.2916022010031156,8.610853671038058,459.03304905601544,148.47021484375
54,864,13068,1.536359190940857,0.5078431963920593,2.0442023277282715,3.4654747290187515,1.2953295139595866,8.635728566965554,467.6844320890377,148.47021484375
55,880,13279,1.5205323696136475,0.4537315368652344,1.9742639064788818,3.1941161319846287,1.3029308820259757,8.68639283196535,476.3865195210092,148.47021484375
56,896,13558,1.516347885131836,0.5230422019958496,2.0393900871276855,4.078368432994466,1.2496567670023069,8.331394042994361,484.73365023802035,148.47021484375
57,912,13801,1.6907036304473877,0.5669346451759338,2.2576382160186768,3.844928230973892,1.231636666052509,8.211081831017509,492.9630353830289,148.47021484375
58,928,14041,1.5794174671173096,0.5468780398368835,2.126295566558838,3.3239754109526984,1.2708198360051028,8.472380959952716,501.4523669430055,148.47021484375
59,944,14284,1.6504480838775635,0.5847569704055786,2.2352051734924316,3.2291504470049404,1.2064361569937319,8.043135443003848,509.51112294301856,148.47021484375
60,960,14576,1.777883529663086,0.538391649723053,2.316275119781494,4.6259192419820465,1.2826998429954983,8.551535576989409,518.0781689390424,148.47021484375
61,976,14824,1.8201453685760498,0.639397919178009,2.459543228149414,3.924465561984107,1.2739089560345747,8.49291293596616,527.2023769849911,148.47021484375
62,992,15042,1.5686700344085693,0.4450172185897827,2.0136871337890625,2.6832242739619687,1.3227706160396338,8.818667767976876,536.036361964012,148.47021484375
63,1008,15311,1.628809928894043,0.49309998750686646,2.1219098567962646,4.264746263972484,1.3352724559954368,8.901988445024472,544.9549945620238,148.47021484375
64,1024,15510,1.5348684787750244,0.47205692529678345,2.006925344467163,3.51977325999178,1.303032574011013,8.687111974984873,553.6590409880155,148.47021484375
65,1040,15738,1.5723826885223389,0.5303889513015747,2.102771759033203,3.8818663110141642,1.3071327459765598,8.714389448985457,562.3927122679888,148.47021484375
66,1056,16027,1.7500667572021484,0.5800557732582092,2.330122470855713,4.297226513037458,1.3042991390102543,8.695515018014703,571.103925627016,148.47021484375
67,1072,16255,1.6449267864227295,0.5931962132453918,2.2381229400634766,2.699855760030914,1.3070478890440427,8.713829834014177,579.8331849380047,148.47021484375
68,1088,16480,1.467234492301941,0.40711647272109985,1.8743510246276855,2.5335791090037674,1.2869413049775176,8.579842748004012,588.4284227230237,148.47021484375
69,1104,16727,1.542535424232483,0.4629189074039459,2.0054543018341064,3.1417269780067727,1.2820826030219905,8.547393300978001,596.9925367329852,148.47021484375
70,1120,16984,1.407210111618042,0.5277870893478394,1.9349972009658813,3.752651867980603,1.2949495280045085,8.63320662395563,605.6417735010036,148.47021484375
71,1136,17214,1.6028821468353271,0.5266327857971191,2.1295149326324463,3.2553746179910377,1.2877103319624439,8.584934926009737,614.9376403340138,148.47021484375
72,1152,17415,1.6822011470794678,0.5670932531356812,2.2492942810058594,2.5245062240283005,1.2705647720140405,8.470621762040537,623.4236813830212,148.47021484375
73,1168,17665,1.6089563369750977,0.5454122424125671,2.1543686389923096,3.757645858975593,1.5753614180139266,10.502640249964315,633.9420155980042,148.47021484375
74,1184,17896,1.6873462200164795,0.5434412956237793,2.230787515640259,2.785211317008361,1.2437021730002016,8.291588062013034,642.2493019220419,148.47021484375
75,1200,18145,1.7651695013046265,0.567971408367157,2.3331408500671387,3.095132418035064,1.282300072023645,8.548835634021088,650.8147159180371,148.47021484375
76,1216,18392,1.467494249343872,0.4302522838115692,1.8977465629577637,4.756475634989329,1.229675748036243,8.198083405965008,659.0291985400254,148.47021484375
77,1232,18639,1.5347541570663452,0.44625124335289,1.9810054302215576,3.5421167220338248,1.263034695002716,8.42047883203486,667.4658356840373,148.47021484375
78,1248,18863,1.4313437938690186,0.3857042193412781,1.8170480728149414,2.5771193099790253,1.298389449948445,8.656253904977348,676.1392440600321,148.47021484375
79,1264,19147,1.5623250007629395,0.498897910118103,2.061223030090332,4.600713360006921,1.323947110970039,8.826573717000429,684.9854900460341,148.47021484375
80,1280,19426,1.5006858110427856,0.48451513051986694,1.9852008819580078,3.937675500055775,1.293329668988008,8.624979650019668,693.6266620600363,148.47021484375
