iteration,games_total,positions_total,policy_loss,value_loss,total_loss,sample_seconds,update_seconds,iteration_seconds,elapsed_seconds,gpu_peak_mb
81,1296,19627,1.6772243976593018,0.6052138805389404,2.282438278198242,6.782190445985179,2.111154821002856,14.074719869997352,14.07488079299219,148.49560546875
82,1312,19855,1.5675288438796997,0.428109735250473,1.9956386089324951,2.9044526479556225,1.2844879460171796,8.563500897958875,22.655128215032164,148.49560546875
83,1328,20064,1.513851284980774,0.4973590075969696,2.0112102031707764,2.6941696680150926,1.2842897509690374,8.562210911011789,31.233920208993368,148.49560546875
84,1344,20351,1.524595856666565,0.5008484125137329,2.025444269180298,4.5395412020152435,1.2005178380059078,8.003702575981151,39.25375134003116,148.49560546875
85,1360,20571,1.5753121376037598,0.3926956057548523,1.9680078029632568,3.707874518004246,1.2854759519686922,8.570014448021539,47.83938710199436,148.49560546875
86,1376,20867,1.5789496898651123,0.42264819145202637,2.0015978813171387,4.36702502699336,1.2773051079711877,8.515564911998808,56.37099503999343,148.49560546875
87,1392,21105,1.6141650676727295,0.5144622325897217,2.128627300262451,2.659934727009386,1.3033577149617486,8.689218030020129,65.07568053604336,148.49560546875
88,1408,21349,1.6593338251113892,0.47868621349334717,2.1380200386047363,3.6256886100163683,1.3284962420002557,8.856808616023045,73.94879190198844,148.49560546875
89,1424,21618,1.6005363464355469,0.48842746019363403,2.088963747024536,4.573298257018905,1.28022186801536,8.534974304027855,82.49907229898963,148.49560546875
90,1440,21894,1.4472821950912476,0.40492966771125793,1.852211833000183,4.9463150660158135,1.201589209958911,8.010825627017766,90.52674990001833,148.49560546875
91,1456,22107,1.5272217988967896,0.47186553478240967,1.9990873336791992,3.0892920170444995,1.2254786310368218,8.17010059504537,99.30206623702543,148.49560546875
92,1472,22318,1.6304539442062378,0.6488329172134399,2.2792868614196777,2.3975267129717395,1.3015438499860466,8.677130613999907,107.99457599403104,148.49560546875
93,1488,22568,1.527341604232788,0.46690791845321655,1.9942495822906494,3.6785038870293647,1.2852715260232799,8.568757450033445,116.58012318704277,148.49560546875
94,1504,22794,1.5600733757019043,0.6220510601997375,2.182124376296997,2.6572059120517224,1.3475410880055279,8.983757204026915,125.57937243604101,148.49560546875
95,1520,22998,1.5218229293823242,0.47255560755729675,1.9943785667419434,1.618977986043319,1.2810609070002101,8.540568014024757,134.1359854430193,148.49560546875
96,1536,23279,1.4181981086730957,0.42299002408981323,1.8411881923675537,3.866376685036812,1.3063150890520774,8.709005416021682,142.86122016602894,148.49560546875
97,1552,23519,1.6333059072494507,0.4518568813800812,2.085162878036499,2.224696707969997,1.2786716510308906,8.52472378796665,151.40150286100106,148.49560546875
98,1568,23737,1.6062434911727905,0.5421061515808105,2.1483497619628906,3.005385030002799,1.3049685739679262,8.69996469502803,160.11719603999518,148.49560546875
99,1584,23993,1.6641124486923218,0.49393096566200256,2.158043384552002,4.313530233048368,1.227884545980487,8.186078655999154,168.319665972027,148.49560546875
100,1600,24204,1.4001972675323486,0.42485928535461426,1.825056552886963,2.3322186560253613,1.321395642007701,8.809540100046434,177.14591820898931,148.49560546875
101,1616,24476,1.395756483078003,0.3826713263988495,1.7784278392791748,3.758436150965281,1.3308239330071956,8.872403696994297,186.84127201000229,148.49560546875
102,1632,24723,1.6062672138214111,0.4772885739803314,2.0835556983947754,3.3398143280064687,1.2883987490204163,8.589596709993202,195.4463858419913,148.49560546875
103,1648,24944,1.5914371013641357,0.5374476313591003,2.128884792327881,2.7325622759526595,1.2568615900236182,8.379312579985708,203.84151011501672,148.49560546875
104,1664,25186,1.6485168933868408,0.548785924911499,2.19730281829834,3.725246108020656,1.3097370329778641,8.731754173000809,212.588823536993,148.49560546875
105,1680,25458,1.569040298461914,0.41165459156036377,1.9806948900222778,5.271671165013686,1.3924294210155495,9.283028526988346,221.88767359103076,148.49560546875
106,1696,25713,1.5895116329193115,0.42244037985801697,2.0119519233703613,2.8541565419873223,1.2283302280120552,8.18903946899809,230.09339876798913,148.49560546875
107,1712,25944,1.636756420135498,0.47727227210998535,2.1140286922454834,3.11690180801088,1.2972587550175376,8.648633403994609,238.7577919010073,148.49560546875
108,1728,26210,1.4814531803131104,0.4102482497692108,1.8917014598846436,4.934025791997556,1.283187705965247,8.554811290989164,247.33120918401983,148.49560546875
109,1744,26425,1.4423129558563232,0.3744666576385498,1.816779613494873,4.440547686011996,1.3343575510079972,8.89592719101347,256.24339666200103,148.49560546875
110,1760,26667,1.6709355115890503,0.48037776350975037,2.151313304901123,3.722518434980884,1.335986181977205,8.906816402974073,265.1698262550053,148.49560546875
111,1776,26851,1.5443589687347412,0.42273062467575073,1.9670896530151367,2.304334230022505,1.324675778974779,8.831341056968085,274.82715397002175,148.49560546875
112,1792,27091,1.5484360456466675,0.40392106771469116,1.9523570537567139,3.077661513001658,1.2953341520042159,8.635731515008956,283.47887745901244,148.49560546875
113,1808,27362,1.5354907512664795,0.3866357207298279,1.9221265316009521,5.792901191976853,1.1494864999549463,7.663486814009957,291.15985509502934,148.49560546875
114,1824,27630,1.5058510303497314,0.42756080627441406,1.9334118366241455,5.90580950898584,1.284077393996995,8.560766455018893,299.73803480004426,148.49560546875
115,1840,27846,1.625254511833191,0.5043208599090576,2.129575252532959,3.707764193008188,1.2820593800279312,8.547302999009844,308.30267073703,148.49560546875
116,1856,28112,1.8150930404663086,0.4500739276409149,2.265166997909546,5.248396641982254,1.3194561990094371,8.796539837960154,317.11467789899325,148.49560546875
117,1872,28301,1.5553545951843262,0.32885318994522095,1.8842077255249023,2.445646610984113,1.2978896649437957,8.652759151009377,325.7847569840378,148.49560546875
118,1888,28579,1.5171523094177246,0.3690160810947418,1.886168360710144,5.624083642964251,1.371454203967005,9.143209640984423,334.94314238399966,148.49560546875
119,1904,28860,1.5118792057037354,0.4032599925994873,1.9151391983032227,3.7079461630200967,1.2869890659931116,8.580094133038074,343.53856826003175,148.49560546875
120,1920,29054,1.5421662330627441,0.4200335144996643,1.9621996879577637,1.6357200889615342,1.2689956430112943,8.460129921964835,352.0155493860366,148.49560546875
121,1936,29328,1.5296573638916016,0.4500070810317993,1.9796644449234009,5.162259577948134,1.2928411120083183,8.619181586953346,361.4378676870256,148.49560546875
122,1952,29595,1.669018268585205,0.42435306310653687,2.0933713912963867,4.198681415000465,1.2500025689951144,8.33355154201854,369.7868114160374,148.49560546875
123,1968,29859,1.2781487703323364,0.3823997378349304,1.660548448562622,4.9475403759861365,1.2212283070548438,8.141710454015993,377.9446036700392,148.49560546875
124,1984,30138,1.520813226699829,0.4783244729042053,1.9991376399993896,5.2274584279512055,1.2834635800099932,8.556676565960515,386.5182068060385,148.49560546875
125,2000,30397,1.4170777797698975,0.3654763698577881,1.7825541496276855,4.75590272602858,1.280228199029807,8.535091789031867,395.0699925000081,148.49560546875
126,2016,30647,1.606415033340454,0.3845871388912201,1.9910022020339966,3.0469367879559286,1.3212435520254076,8.808449673000723,403.8939186159987,148.49560546875
127,2032,30885,1.5686030387878418,0.3996838629245758,1.9682868719100952,3.5248106800136156,1.2938681590021588,8.625974441005383,412.5359196270001,148.49560546875
128,2048,31195,1.4946352243423462,0.4588623344898224,1.9534975290298462,4.65078777394956,1.2630609850166366,8.420569538953714,420.9728120910004,148.49560546875
129,2064,31413,1.3926124572753906,0.4085865020751953,1.801198959350586,3.0142650560010225,1.2933505479595624,8.62252602900844,429.61134072503773,148.49560546875
130,2080,31646,1.4988689422607422,0.3166158199310303,1.8154847621917725,2.329570546047762,1.282912648981437,8.552884222008288,438.172964597994,148.49560546875
131,2096,31866,1.483948826789856,0.34573954343795776,1.829688310623169,3.203881472989451,1.2783838249742985,8.522799005964771,447.5360910530435,148.49560546875
132,2112,32092,1.5733566284179688,0.3750552535057068,1.9484119415283203,2.387542348995339,1.2869977909722365,8.580223983037286,456.1318200590322,148.49560546875
133,2128,32318,1.4450615644454956,0.3022509813308716,1.7473125457763672,2.727095161040779,1.2890235899831168,8.5936733270064,464.74083181400783,148.49560546875
134,2144,32563,1.4814488887786865,0.33017662167549133,1.8116254806518555,3.6619462759699672,1.2945699270348996,8.63067649496952,473.38851743598934,148.49560546875
135,2160,32789,1.463014841079712,0.3851068913936615,1.8481217622756958,2.731526888033841,1.2901858619879931,8.601424088003114,482.0121052900213,148.49560546875
136,2176,33092,1.3418341875076294,0.3068642020225525,1.648698329925537,5.9619352770387195,1.2974488509935327,8.649871690024156,490.67759723903146,148.49560546875
137,2192,33344,1.6841939687728882,0.36512312293052673,2.0493171215057373,4.007888488005847,1.322645411011763,8.817816085007507,499.51153218804393,148.49560546875
138,2208,33586,1.480088233947754,0.45018625259399414,1.930274486541748,3.583797383995261,1.2927804290084168,8.618774950969964,508.14650068304036,148.49560546875
139,2224,33817,1.5098998546600342,0.35349416732788086,1.863394021987915,2.640995094028767,1.2703653420321643,8.469385210017208,516.6313778770273,148.49560546875
140,2240,34103,1.2776812314987183,0.29265040159225464,1.5703315734863281,3.8581611199770123,1.3191152099752799,8.794280612026341,525.4412548080436,148.49560546875
141,2256,34333,1.5080125331878662,0.3434421420097351,1.851454734802246,3.563846005999949,1.3417048919945955,8.944968272990081,535.2014801279875,148.49560546875
142,2272,34558,1.415785789489746,0.25211548805236816,1.6679012775421143,3.0311987290042453,1.2788888340000995,8.526094101020135,543.7436662290129,148.49560546875
143,2288,34796,1.2503376007080078,0.247930109500885,1.498267650604248,2.742531243013218,1.298597155022435,8.657547867042013,552.4186574600171,148.49560546875
144,2304,35027,1.5015544891357422,0.3282378911972046,1.8297923803329468,2.747208108950872,1.307758176990319,8.718632905976847,561.1563907220261,148.49560546875
145,2320,35274,1.5317814350128174,0.4071636199951172,1.9389450550079346,4.403261101979297,1.2928995660040528,8.619494512968231,569.792148537992,148.49560546875
146,2336,35541,1.5032939910888672,0.3689606785774231,1.8722546100616455,3.555178126960527,1.296364016016014,8.642597004945856,578.4504264499992,148.49560546875
147,2352,35732,1.5378056764602661,0.3849737346172333,1.9227794408798218,3.5489473739871755,1.3117123920237646,8.74501152697485,587.2109903090168,148.49560546875
148,2368,35972,1.378698468208313,0.29200485348701477,1.6707032918930054,2.982232338981703,1.3027579599875025,8.685286467021797,595.9133740980178,148.49560546875
149,2384,36236,1.2953498363494873,0.32083410024642944,1.6161839962005615,4.500511277001351,1.2903932580375113,8.602831972995773,604.5340996750165,148.49560546875
150,2400,36437,1.4681802988052368,0.2943839728832245,1.7625643014907837,2.1843152869842015,1.294164177030325,8.627936689998023,613.1776679829927,148.49560546875
151,2416,36638,1.4620535373687744,0.2848498225212097,1.746903419494629,2.152366791968234,1.3020208189846016,8.6803655839758,622.991687633039,148.49560546875
152,2432,36884,1.3189425468444824,0.17790892720222473,1.4968514442443848,3.6786390769993886,1.2971611830289476,8.647901393997017,631.6564588740002,148.49560546875
153,2448,37158,1.482970952987671,0.33373165130615234,1.8167026042938232,3.66553863696754,1.3443139960290864,8.962379696953576,640.6343852920108,148.49560546875
154,2464,37428,1.4783577919006348,0.2924821972846985,1.7708399295806885,3.7056253709597513,1.297497519000899,8.65016033500433,649.300053960993,148.49560546875
155,2480,37664,1.3492233753204346,0.33206069469451904,1.6812840700149536,3.291468398005236,1.3064551280112937,8.709940785018262,658.0251579270116,148.49560546875
156,2496,37851,1.5762128829956055,0.440862238407135,2.0170750617980957,1.4744981810217723,1.3352199399960227,8.90171394002391,666.943697573035,148.49560546875
157,2512,38066,1.5190322399139404,0.20600108802318573,1.7250332832336426,5.211957833031192,1.2552216270123608,8.368319925037213,675.3275318040396,148.49560546875
158,2528,38277,1.5004442930221558,0.3388885259628296,1.8393328189849854,2.448695402999874,1.2569780300254934,8.380087286990602,683.7238928510342,148.49560546875
159,2544,38548,1.4461045265197754,0.18689407408237457,1.6329985857009888,3.9022198590100743,1.3058645430137403,8.706074018031359,692.4454061909928,148.49560546875
160,2560,38810,1.5008604526519775,0.31666380167007446,1.8175241947174072,4.4169631080003455,1.3262355609913357,8.841751137049869,701.3084805370308,148.49560546875
